keyword,volume,kd,cpc_usd,comp_density,intent,click_potential,serp_features
pro rata calculator,9900.0,16.0,2.54,0.02,Commercial,90.0,"Video, People Also Ask, Related Searches"
pro rata salary calculator,8100.0,9.0,2.4,0.02,Informational,90.0,"Video, People Also Ask, Related Searches"
salary sacrifice calculator,8100.0,28.0,0.93,0.09,Informational,90.0,"Related Searches, Video, People Also Ask"
40k after tax,6600.0,16.0,0.69,0.0,Informational,90.0,"Video, People Also Ask, Related Searches, AI Overview"
40000 after tax,6600.0,16.0,0.67,0.01,Informational,90.0,"People Also Ask, Related Searches, AI Overview, Video"
50k after tax uk,6600.0,18.0,0.7,0.01,Informational,90.0,"Video, People Also Ask, Related Searches, Discussions And Forums, AI Overview"
nhs take home pay calculator,6600.0,24.0,0.0,0.0,Informational,90.0,"Video, People Also Ask, Related Searches"
40k after tax uk,5400.0,15.0,0.69,0.01,Informational,90.0,"People Also Ask, Related Searches, Short Videos, AI Overview, Video"
inside ir35 calculator,5400.0,13.0,0.89,0.3,Informational,20.0,"Site Links, Video, Adwords Bottom, People Also Ask, Related Searches"
30k after tax uk,5400.0,16.0,0.65,0.01,Informational,90.0,"Video, People Also Ask, Related Searches, AI Overview"
ir35 calculator,4400.0,16.0,1.0,0.28,Informational,75.0,"People Also Ask, Video"
30000 after tax,4400.0,16.0,0.59,0.01,Informational,90.0,"People Also Ask, Related Searches, AI Overview, Video"
nhs salary calculator,4400.0,14.0,0.0,0.0,Informational,90.0,"Related Searches, Video"
30000 after tax uk,4400.0,16.0,0.59,0.01,Informational,90.0,"Video, People Also Ask, Related Searches, AI Overview"
50000 after tax uk,3600.0,16.0,0.61,0.01,Informational,90.0,"Video, People Also Ask, Related Searches, AI Overview"
50k after tax,3600.0,12.0,0.65,0.0,Informational,90.0,"Video, People Also Ask, Related Searches, Discussions And Forums, AI Overview"
hourly compensation calculator,2900.0,25.0,0.0,0.0,Informational,20.0,"Site Links, Video, Related Searches"
40000 after tax uk,2900.0,15.0,0.69,0.01,Informational,90.0,"Video, People Also Ask, Related Searches, AI Overview"
60000 after tax uk,2900.0,14.0,0.67,0.01,Informational,90.0,"Video, People Also Ask, Related Searches, AI Overview"
calculate a salary,2900.0,0.0,1.5,0.02,,0.0,
outside ir35 calculator,2900.0,11.0,1.15,0.18,Informational,20.0,"Site Links, Video, People Also Ask, Related Searches"
contractor calculator,2400.0,24.0,1.11,0.1,Navigational,75.0,"Video, Related Searches"
figure salary to hourly,2400.0,22.0,0.0,0.0,Informational,90.0,"Video, Related Searches, AI Overview"
pro rata pay calculator,2400.0,13.0,2.4,0.02,Informational,90.0,"Related Searches, People Also Ask"
net payable,2400.0,22.0,0.92,0.01,Informational,20.0,"Related Searches, AI Overview, Site Links, Video, People Also Ask"
salary exchange calculator,1900.0,21.0,1.26,0.05,Informational,90.0,"Video, Related Searches"
30 000 after tax,1600.0,21.0,0.59,0.01,Informational,90.0,"Discussions And Forums, AI Overview, Video, Related Searches"
salary estimator hourly,1600.0,25.0,0.0,0.0,Informational,90.0,"Video, Related Searches, AI Overview"
pro rata salary,1600.0,19.0,2.65,0.02,Informational,90.0,"Video, Related Searches"
40 000 after tax,1600.0,15.0,0.67,0.01,Informational,20.0,"Site Links, Video, Related Searches, AI Overview"
ltd company tax calculator,1300.0,21.0,1.68,0.26,Informational,90.0,"Related Searches, Video, FAQ"
how do you calculate annual salary to hourly rate,1300.0,23.0,0.0,0.0,Informational,90.0,"Video, People Also Ask, Related Searches, Short Videos, AI Overview"
how to compute hourly rate from annual salary,1300.0,14.0,0.0,0.0,Informational,90.0,"Related Searches, AI Overview, Video, People Also Ask"
how do you calculate hourly wage from annual salary,1300.0,13.0,0.0,0.0,Informational,90.0,"Video, People Also Ask, Related Searches, Short Videos, AI Overview"
how to calculate annual salary into hourly,1300.0,15.0,0.0,0.0,Informational,90.0,"Video, Related Searches, AI Overview"
teacher salary calculator,1300.0,10.0,0.0,0.0,"Informational, Commercial",90.0,"Video, Related Searches"
how to calculate hourly rate by annual salary,1300.0,16.0,0.0,0.0,Informational,90.0,"Video, People Also Ask, Related Searches, AI Overview"
how to calculate salary into hourly,1300.0,24.0,0.0,0.0,Informational,90.0,"Video, Video Carousel, People Also Ask, Related Searches, Short Videos, AI Overview"
how do you calculate a salary to an hourly rate,1300.0,16.0,0.0,0.0,Informational,90.0,"Video, People Also Ask, Related Searches, AI Overview"
day rate calculator,1300.0,15.0,0.0,0.0,Informational,90.0,"Video, Related Searches"
umbrella company calculator,1300.0,8.0,1.66,0.73,Commercial,90.0,Related Searches
how do you figure hourly rate from salary,1300.0,21.0,0.0,0.0,Informational,90.0,"Related Searches, Short Videos, AI Overview, Video, People Also Ask"
how to calculate annual income to hourly rate,1300.0,16.0,0.0,0.0,Informational,90.0,"Video, People Also Ask, AI Overview"
salary sacrifice calculator uk,1300.0,26.0,0.79,0.07,Commercial,90.0,"Video, Related Searches"
how to figure hourly rate from annual salary,1300.0,13.0,0.0,0.0,Informational,90.0,"AI Overview, Video, Video Carousel, People Also Ask, Related Searches, Short Videos"
how to figure hourly rate from yearly salary,1300.0,16.0,0.0,0.0,Informational,90.0,"Video, People Also Ask, Related Searches, AI Overview"
how to figure out hourly wage from annual salary,1300.0,21.0,0.0,0.0,Informational,20.0,"Site Links, Video, Featured Snippet, Video Carousel, People Also Ask, Related Searches"
how do you calculate your hourly rate from your salary,1300.0,28.0,0.0,0.0,Informational,90.0,"Discussions And Forums, AI Overview, Video, People Also Ask, Related Searches, Short Videos"
how to figure your hourly rate from salary,1300.0,11.0,0.0,0.0,Informational,90.0,"Video, Adwords Bottom, Video Carousel, People Also Ask, Related Searches, Short Videos, AI Overview"
how to work out annual salary to hourly rate,1300.0,23.0,0.0,0.0,Informational,90.0,"Related Searches, AI Overview, Video, Video Carousel"
how to get an hourly rate from annual salary,1000.0,17.0,0.0,0.0,Informational,90.0,"Video, Video Carousel, Related Searches, AI Overview"
how to figure out annual salary from hourly rate,1000.0,27.0,0.0,0.0,Informational,20.0,"Site Links, Video, Related Searches, AI Overview"
40k take home pay,1000.0,18.0,0.0,0.0,Informational,20.0,"Site Links, Video, Related Searches, AI Overview"
salary calculator with salary sacrifice,1000.0,22.0,0.93,0.09,Informational,90.0,"Video, Related Searches"
how to find hourly rate from yearly salary,1000.0,21.0,0.0,0.0,Informational,90.0,"Related Searches, AI Overview, Video, Video Carousel"
umbrella calculator,1000.0,10.0,1.03,0.43,Commercial,75.0,"Video, Related Searches"
tax and dividend calculator,1000.0,25.0,1.51,0.01,Commercial,90.0,"Video, Related Searches"
umbrella pay calculator,1000.0,11.0,1.2,0.43,Commercial,90.0,Related Searches
contractor salary calculator,1000.0,17.0,1.52,0.17,Informational,90.0,"Video, Related Searches"
how to determine hourly rate from annual salary,1000.0,25.0,0.0,0.0,Informational,90.0,"Video, Related Searches, Discussions And Forums, AI Overview"
paystream calculator,1000.0,17.0,1.49,0.17,"Navigational, Transactional",20.0,"Related Searches, Site Links"
how do you determine hourly rate from yearly salary,1000.0,22.0,0.0,0.0,Informational,20.0,"AI Overview, Site Links, Video, Related Searches, Discussions And Forums"
how to calculate an annual salary from an hourly rate,1000.0,29.0,0.0,0.0,Informational,20.0,"Related Searches, AI Overview, Site Links, Video, People Also Ask"
how to calculate annual wage from hourly,1000.0,25.0,0.0,0.0,Informational,20.0,"Site Links, Video, Related Searches, AI Overview"
how to convert annual salary to hourly wage,1000.0,19.0,0.0,0.0,Informational,90.0,"Related Searches, AI Overview, Video, Video Carousel, People Also Ask"
how to determine hourly rate from yearly salary,1000.0,13.0,0.0,0.0,Informational,90.0,"Video, Video Carousel, People Also Ask, Related Searches, Discussions And Forums, AI Overview"
how to convert yearly salary to hourly,1000.0,17.0,0.0,0.0,Informational,90.0,"Related Searches, AI Overview, Video, Video Carousel"
40000 salary take home pay,1000.0,14.0,0.28,0.01,Informational,90.0,"Video, Related Searches, AI Overview"
50k take home pay,1000.0,14.0,0.0,0.0,Informational,90.0,"AI Overview, Video, Related Searches"
how to calculate hourly rate from salary,1000.0,24.0,0.0,0.0,Informational,20.0,"Site Links, Video, People Also Ask, Related Searches, Short Videos, AI Overview"
what does pro rata mean in wages,880.0,22.0,0.0,0.01,Informational,20.0,"Site Links, Video, Related Searches, AI Overview"
30000 take home pay,880.0,20.0,0.56,0.01,Informational,90.0,"Video, People Also Ask, Related Searches"
40k salary after tax,880.0,14.0,0.0,0.0,Informational,90.0,"AI Overview, Video, Related Searches"
45000 take home pay,880.0,12.0,0.0,0.0,Informational,90.0,"Video, Related Searches, AI Overview"
contractor pay calculator,880.0,19.0,1.52,0.17,Informational,90.0,Related Searches
salary dividend calculator,880.0,11.0,0.0,0.0,Commercial,90.0,"Video, Related Searches"
30k salary after tax,880.0,14.0,0.0,0.0,Informational,90.0,"Video, People Also Ask, Related Searches, AI Overview"
50000 take home pay,880.0,16.0,0.61,0.01,Informational,90.0,"Video, People Also Ask, Related Searches, AI Overview"
40k a year after tax,880.0,14.0,0.65,0.01,Informational,20.0,"Site Links, Video, People Also Ask, Related Searches, Discussions And Forums, AI Overview"
how do you calculate hourly rate from annual salary,880.0,14.0,0.0,0.0,Informational,90.0,"Video, Related Searches, Discussions And Forums, AI Overview"
how to calculate an hourly rate from an annual salary,880.0,22.0,0.0,0.0,Informational,90.0,"AI Overview, Video, People Also Ask, Related Searches"
how to calculate hourly wage based on annual salary,880.0,0.0,0.0,0.0,Informational,0.0,"AI Overview, Video, Video Carousel, Related Searches"
how do you calculate hourly rate from yearly salary,880.0,19.0,0.0,0.0,Informational,20.0,"Site Links, Video, Related Searches, Short Videos, AI Overview"
30k take home pay,880.0,12.0,0.28,0.0,Informational,90.0,"Video, Related Searches, AI Overview"
34k after tax uk,720.0,14.0,0.0,0.0,Informational,90.0,"Video, People Also Ask, Related Searches, AI Overview"
33000 a year after tax,720.0,11.0,0.68,0.01,Informational,90.0,"Video, Related Searches, AI Overview"
100000 after tax uk,720.0,14.0,0.0,0.0,Informational,90.0,"Video, People Also Ask, Related Searches, Discussions And Forums, AI Overview"
70 000 after tax uk,720.0,9.0,0.61,0.01,Informational,20.0,"Site Links, Video, Related Searches, AI Overview"
25000 take home pay,720.0,11.0,0.34,0.01,Informational,90.0,"People Also Ask, Related Searches, AI Overview"
how to calculate hourly rate from annual,720.0,16.0,0.0,0.0,Informational,90.0,"AI Overview, Video, Video Carousel, People Also Ask, Related Searches, Short Videos"
how to calculate hour rate from annual salary,720.0,10.0,0.0,0.0,Informational,90.0,"Video, Video Carousel, Related Searches, Short Videos, Discussions And Forums, AI Overview"
salary pro rata calculator,720.0,9.0,2.4,0.02,Commercial,90.0,"Video, People Also Ask, Related Searches"
pro rata calculator uk,720.0,6.0,0.0,0.02,Commercial,90.0,"Related Searches, Video, Adwords Bottom"
how to calculate the hourly rate from the annual salary,720.0,16.0,0.0,0.0,Informational,20.0,"Video, Video Carousel, People Also Ask, Related Searches, AI Overview, Site Links"
work out hourly rate from salary,720.0,23.0,0.0,0.0,Informational,90.0,"Video, People Also Ask, Related Searches, Discussions And Forums, AI Overview"
work out pro rata pay,720.0,16.0,2.1,0.03,Informational,90.0,"Video, Related Searches, AI Overview"
45k take home pay,720.0,14.0,0.0,0.0,Informational,90.0,"Related Searches, AI Overview"
50k salary after tax uk,720.0,9.0,0.0,0.0,Informational,90.0,"Video, Related Searches, AI Overview"
take home pay 45000 salary,720.0,14.0,0.0,0.0,Informational,90.0,"Video, People Also Ask, Related Searches, AI Overview"
how to calculate hourly rate based on annual salary,720.0,21.0,0.0,0.0,Informational,90.0,"Video, Related Searches, AI Overview"
50k a year after tax,720.0,8.0,0.53,0.01,Informational,90.0,"Video, Related Searches, AI Overview"
60k salary after tax uk,590.0,16.0,0.0,0.0,Informational,20.0,"Site Links, Video, Related Searches, AI Overview"
30k a year after tax,590.0,11.0,0.71,0.01,Informational,90.0,"Video, Related Searches, AI Overview"
calculator pro rata,590.0,12.0,2.54,0.02,Commercial,90.0,"People Also Ask, Related Searches"
calculate hourly rate,590.0,23.0,0.0,0.0,Informational,90.0,"AI Overview, Video, People Also Ask, Related Searches"
bonus estimator after taxes,590.0,26.0,0.0,0.0,Informational,90.0,Related Searches
working out hourly rate from salary,590.0,20.0,0.0,0.0,Informational,20.0,"Site Links, Video, People Also Ask, Related Searches, Short Videos, AI Overview"
how to convert annual salary into hourly rate,590.0,21.0,0.0,0.0,Informational,90.0,"Video, People Also Ask, Related Searches, AI Overview"
how to calculate hourly rate from annual salary,590.0,14.0,0.0,0.0,Informational,90.0,"Video, Video Carousel, Related Searches, AI Overview"
60000 take home pay,590.0,14.0,0.0,0.0,Informational,90.0,"Video, People Also Ask, Related Searches, AI Overview"
70 000 after tax,590.0,9.0,0.69,0.0,Informational,20.0,"AI Overview, Site Links, Video, Related Searches"
22k after tax,590.0,14.0,0.0,0.0,Informational,90.0,"AI Overview, Video, People Also Ask, Related Searches"
how to work out hourly rate from annual salary,590.0,21.0,0.0,0.0,Informational,90.0,"Video, Related Searches, Short Videos, AI Overview"
bonus calculator after tax,590.0,29.0,1.3,0.0,Informational,90.0,Related Searches
salary sacrifice calc,590.0,28.0,0.93,0.09,Commercial,90.0,"Video, Related Searches"
contract calculator,590.0,25.0,1.26,0.03,Informational,75.0,"Video, Related Searches"
inside ir35 take home calculator,590.0,23.0,0.85,0.22,Informational,20.0,"Related Searches, Site Links, Video"
company tax calculator,480.0,27.0,1.8,0.4,Informational,90.0,"Video, People Also Ask, Related Searches"
60 000 after tax uk,480.0,9.0,0.67,0.01,Informational,20.0,"Video, Related Searches, AI Overview, Site Links"
how do you work out your hourly rate,480.0,28.0,0.0,0.01,Informational,90.0,"Video Carousel, Related Searches, Discussions And Forums, AI Overview, Video"
annual salary to hourly,480.0,21.0,0.0,0.0,Informational,90.0,"Video, Related Searches"
do you get taxed more on a second job,480.0,14.0,0.0,0.01,"Informational, Commercial",20.0,"AI Overview, Site Links, Video, People Also Ask, Related Searches"
how to calculate rate per hour with an annual salary,480.0,22.0,0.0,0.0,Informational,90.0,"Video, Video Carousel, Related Searches, AI Overview"
how to work out part time salary,480.0,16.0,0.0,0.01,Informational,90.0,"Video, Related Searches, AI Overview"
prorata calculator,480.0,13.0,2.54,0.02,Commercial,75.0,"Video, People Also Ask, Related Searches"
salary pro rata,480.0,22.0,0.0,0.01,Informational,90.0,"Related Searches, AI Overview, Video"
60k take home pay,480.0,14.0,0.0,0.0,Informational,90.0,"Video, People Also Ask, Related Searches, AI Overview"
how to calculate an hourly rate from annual salary,480.0,12.0,0.0,0.0,Informational,90.0,"Video, Related Searches, Discussions And Forums, AI Overview"
how do you work out a salary pro rata,480.0,14.0,1.15,0.03,Informational,20.0,"AI Overview, Site Links, Video, People Also Ask, Related Searches, Discussions And Forums"
35k salary after tax,480.0,17.0,0.0,0.0,Informational,90.0,"AI Overview, Video, People Also Ask, Related Searches"
how to calculate pro rata salary,480.0,20.0,2.19,0.03,Informational,90.0,"Video, Related Searches, AI Overview"
salarycalculator.co.uk,480.0,0.0,1.22,0.33,,0.0,
take home pay on 40000,390.0,13.0,0.28,0.01,Informational,20.0,"Video, People Also Ask, Related Searches, AI Overview, Site Links"
compare 2 salaries,390.0,19.0,5.29,0.02,Informational,90.0,"Video, People Also Ask, Related Searches"
day rate salary calculator,390.0,26.0,0.0,0.0,Informational,90.0,Related Searches
27k after tax monthly,390.0,6.0,0.0,0.0,Informational,90.0,"Video, Related Searches, AI Overview"
45k salary after tax,390.0,11.0,0.0,0.0,Informational,90.0,"Video, Related Searches, AI Overview"
how do i calculate my hourly rate from salary,390.0,16.0,0.0,0.0,Informational,90.0,"Video, Related Searches, Discussions And Forums, AI Overview"
contract salary calculator,390.0,16.0,1.52,0.17,Informational,90.0,Related Searches
uk company tax calculator,390.0,14.0,2.07,0.29,Informational,90.0,"Video, FAQ, Related Searches"
calculate salary contractor,390.0,13.0,1.52,0.17,Informational,90.0,"Related Searches, AI Overview, Video, People Also Ask"
take home pay for 25000,390.0,29.0,0.34,0.01,Informational,90.0,"Video, People Also Ask, Related Searches, AI Overview"
25k salary after tax,390.0,12.0,0.0,0.01,Informational,90.0,"Video, People Also Ask, Related Searches, AI Overview"
take home pay 30k,390.0,10.0,0.28,0.0,Informational,90.0,"Video, Related Searches, AI Overview"
corporate tax calculator,390.0,16.0,3.06,0.19,Informational,90.0,"FAQ, Related Searches, Video, People Also Ask"
take home pay 40k,320.0,16.0,0.0,0.0,Informational,20.0,"AI Overview, Site Links, Video, Related Searches"
60k dollars after tax,320.0,0.0,0.0,0.0,,0.0,
working out pro rata salary,320.0,13.0,2.1,0.03,Informational,90.0,"Video, People Also Ask, Related Searches, Discussions And Forums, AI Overview"
car salary sacrifice scheme calculator,320.0,7.0,0.93,0.76,Informational,90.0,"Video, Related Searches, AI Overview"
tax on 40000 salary uk,320.0,29.0,0.56,0.02,Informational,90.0,"Video, People Also Ask, Related Searches, AI Overview"
calculator for yearly salary,320.0,0.0,0.97,0.01,,0.0,
annual calculator salary,320.0,0.0,0.97,0.01,,0.0,
how much tax on second job,320.0,14.0,0.0,0.01,"Informational, Commercial",20.0,"Discussions And Forums, AI Overview, Site Links, Video, People Also Ask, Related Searches"
business calculator,320.0,16.0,3.58,0.76,Informational,75.0,"Video, Video Carousel, People Also Ask, Related Searches"
umbrella take home pay calculator,320.0,6.0,0.99,0.22,Informational,90.0,Related Searches
uk tax calculator 2026,320.0,0.0,0.82,0.07,,0.0,
salary vs dividend calculator,320.0,7.0,0.0,0.0,Commercial,90.0,"People Also Ask, Related Searches, Video"
ir35 take home calculator,320.0,17.0,0.85,0.27,Informational,20.0,"Site Links, Video, Related Searches"
income tax calculator including dividends,320.0,13.0,1.58,0.02,Commercial,90.0,"Related Searches, Video"
salary 40k after tax,320.0,11.0,0.0,0.0,Informational,90.0,"Related Searches, AI Overview, Video"
take home pay on 40k,320.0,16.0,0.0,0.0,Informational,90.0,"Related Searches, AI Overview, Video"
take home pay on 45 000,260.0,14.0,0.0,0.33,Informational,90.0,"Video, People Also Ask, Related Searches, AI Overview"
contractor tax calculator,260.0,18.0,1.33,0.19,Commercial,90.0,"Video, Related Searches"
80000 take home pay,260.0,9.0,0.37,0.01,Informational,90.0,"Related Searches, AI Overview"
dividend vs salary uk calculator,260.0,8.0,0.0,0.02,"Informational, Commercial",90.0,"Video, People Also Ask, Related Searches, AI Overview"
company tax calculator uk,260.0,19.0,2.07,0.29,Informational,90.0,"FAQ, Related Searches, Video"
contractor day rate calculator,260.0,16.0,0.99,0.09,Informational,90.0,Related Searches
tax on 60000 salary uk,260.0,8.0,0.28,0.02,Informational,90.0,"Related Searches, AI Overview, Video"
take home pay on 26000,260.0,14.0,0.0,0.0,Informational,90.0,"Related Searches, AI Overview, Video, People Also Ask"
isle of man tax calculator,260.0,14.0,0.0,0.0,Commercial,90.0,"People Also Ask, Related Searches"
take home pay 37000,260.0,20.0,0.0,0.01,Informational,90.0,"AI Overview, Video, Related Searches"
salary sacrifice calculator car scheme,260.0,14.0,0.93,0.76,Informational,20.0,"Video, Related Searches, Site Links"
100k take home pay,260.0,14.0,0.0,0.0,Informational,20.0,"Site Links, Video, People Also Ask, Related Searches, Discussions And Forums, AI Overview"
take home pay on 28000,260.0,10.0,0.0,0.01,Informational,90.0,"Related Searches, AI Overview, Video"
weekly to monthly calculator,260.0,13.0,0.0,0.0,Informational,90.0,"Video, People Also Ask, Related Searches"
umbrella salary calculator inside ir35,260.0,22.0,1.05,0.34,Informational,90.0,Related Searches
13 an hour is how much a year uk,210.0,12.0,0.0,0.0,Informational,90.0,"Related Searches, AI Overview"
teachers pay calculator take home,210.0,13.0,0.0,0.0,"Informational, Commercial",90.0,"Video, Related Searches"
tax dividend calculator,210.0,22.0,1.51,0.01,"Informational, Commercial",90.0,"Related Searches, Video"
35k take home,210.0,14.0,0.0,0.0,Informational,90.0,"Related Searches, AI Overview, Video, People Also Ask"
what is 30000 after tax,210.0,13.0,0.0,0.01,Informational,90.0,"Video, People Also Ask, Related Searches, AI Overview"
tax calculator for a bonus,210.0,28.0,1.3,0.0,"Informational, Commercial",20.0,"Related Searches, Site Links, Video"
50000 after tax uk per month,210.0,16.0,0.68,0.01,Informational,20.0,"AI Overview, Site Links, Video, People Also Ask, Related Searches"
50000 a year after tax,210.0,11.0,0.0,0.0,Informational,90.0,"Video, People Also Ask, Related Searches, AI Overview"
tax on second job under 16 hours,210.0,12.0,0.0,0.0,"Informational, Commercial",20.0,"AI Overview, Site Links, Video, Related Searches"
paystream umbrella calculator,210.0,14.0,1.58,0.31,"Informational, Transactional",20.0,"Site Links, People Also Ask, Related Searches"
contracting calculator,210.0,17.0,1.11,0.1,Informational,75.0,"Video, Related Searches"
contractor take home pay calculator,210.0,14.0,1.39,0.24,Informational,90.0,"Adwords Bottom, Related Searches"
contractor salary calculator uk,210.0,14.0,1.14,0.11,Navigational,90.0,Related Searches
50000 after tax scotland,210.0,17.0,0.0,0.01,Informational,90.0,"Video, People Also Ask, Related Searches, AI Overview"
ir35 calculator take home,210.0,16.0,0.85,0.27,Informational,90.0,"Video, Related Searches"
2400 after tax,210.0,21.0,0.62,0.03,Informational,90.0,"AI Overview, Video, People Also Ask, Related Searches"
limited company calculator,210.0,12.0,2.58,0.2,Informational,90.0,"Video, FAQ, Related Searches"
tax calculator dividends,210.0,25.0,1.51,0.01,"Informational, Commercial",90.0,"Related Searches, Video, FAQ"
part time salary,210.0,14.0,0.11,0.03,Informational,90.0,"Video, People Also Ask, Related Searches, AI Overview"
overtime pay taxable,210.0,14.0,0.0,0.0,Informational,20.0,"Video, People Also Ask, FAQ, Related Searches, AI Overview, Image Pack, Site Links"
inside ir35 salary calculator,210.0,16.0,0.62,0.19,Informational,90.0,"Video, Related Searches"
corporate income tax calculator,210.0,12.0,3.06,0.19,Informational,90.0,"Video, People Also Ask, Related Searches"
30000 salary take home pay,210.0,12.0,0.56,0.01,Informational,90.0,"AI Overview, People Also Ask, Related Searches"
take home pay from 45000,210.0,16.0,0.0,0.0,Informational,90.0,"Related Searches, AI Overview"
what is 40k after tax,210.0,16.0,0.0,0.01,Informational,20.0,"Video, People Also Ask, Related Searches, Discussions And Forums, AI Overview, Site Links"
contractor rate calculator,170.0,7.0,0.94,0.11,Informational,90.0,"Related Searches, Video"
director salary calculator,170.0,26.0,0.0,0.03,Commercial,90.0,"People Also Ask, Related Searches, Video"
34000 take home pay,170.0,12.0,0.0,0.0,Informational,90.0,"Related Searches, AI Overview"
12.21 x 4,170.0,14.0,0.0,0.0,Informational,20.0,"Instant Answer, Video, People Also Ask, Related Searches"
1257l 0,170.0,14.0,0.0,0.01,Informational,20.0,"Site Links, Video, FAQ, Related Searches, AI Overview"
backpay calculator,170.0,10.0,0.0,0.01,Informational,20.0,"Site Links, Related Searches"
how to figure out hourly wage from salary,170.0,26.0,0.0,0.0,Informational,80.0,"Video, Featured Snippet, People Also Ask, Related Searches"
take home pay 35k,170.0,14.0,0.0,0.0,Informational,90.0,"Video, Related Searches, AI Overview"
ir35 salary calculator,170.0,9.0,1.02,0.19,Informational,90.0,"Video, People Also Ask, Related Searches"
ltd company calculator,170.0,12.0,2.58,0.2,Informational,90.0,"Video, FAQ, Related Searches"
45000 after tax uk per month,170.0,12.0,0.7,0.02,Informational,90.0,"Video, People Also Ask, Related Searches, AI Overview"
bonus calculator salary,170.0,27.0,0.0,0.0,"Informational, Commercial",90.0,Related Searches
23000 take home pay,170.0,14.0,0.0,0.01,"Informational, Commercial",90.0,"People Also Ask, Related Searches, AI Overview, Video"
15.50 an hour is how much a year,170.0,18.0,0.0,0.0,Informational,90.0,"AI Overview, People Also Ask, Related Searches"
23 000 after tax,170.0,14.0,0.72,0.01,Informational,90.0,"Video, People Also Ask, Related Searches, AI Overview"
take home on 40k,170.0,12.0,0.0,0.0,Informational,20.0,"Site Links, Video, Related Searches, AI Overview"
60k take home,170.0,9.0,0.0,0.0,Informational,90.0,"AI Overview, Video, Related Searches"
compensation comparison calculator,170.0,24.0,2.13,0.05,Commercial,90.0,"Related Searches, People Also Ask"
25000 after tax salary,170.0,9.0,0.0,0.0,Informational,90.0,"Video, Related Searches, AI Overview"
45 000 take home pay,170.0,0.0,0.0,0.33,,0.0,
40000 after tax per month,170.0,16.0,0.0,0.01,Informational,90.0,"Video, Related Searches, AI Overview"
take home pay of 60000,170.0,9.0,0.34,0.01,Informational,90.0,"Video, Related Searches, AI Overview"
how do you work out hourly rate from yearly salary,170.0,14.0,0.0,0.0,Informational,20.0,"Site Links, Video, People Also Ask, Related Searches, AI Overview"
outside ir35 take home calculator,170.0,8.0,1.05,0.13,Informational,20.0,"Site Links, Video, People Also Ask, Related Searches"
salary calculator contractor,170.0,12.0,1.52,0.17,Informational,90.0,Related Searches
umbrella salary calculator,170.0,16.0,1.21,0.29,Commercial,90.0,Related Searches
yearly to hourly salary,170.0,13.0,0.0,0.0,Informational,90.0,"Video, Related Searches"
4 on 4 off shift pattern pay calculator,170.0,14.0,0.85,0.05,Informational,20.0,"Site Links, People Also Ask, Related Searches, AI Overview"
contract pay calculator,170.0,13.0,1.52,0.17,Informational,90.0,Related Searches
ir35 calculator inside,170.0,9.0,1.09,0.33,Informational,90.0,"Video, Related Searches"
how much do apprentices get paid a month,170.0,14.0,0.0,0.07,Informational,90.0,"People Also Ask, FAQ, Related Searches, Discussions And Forums, AI Overview, Video"
contractor salary,170.0,17.0,0.0,0.03,Informational,75.0,"Discussions And Forums, AI Overview, Video, People Also Ask, Related Searches"
250000 after tax,170.0,14.0,0.0,0.0,Informational,90.0,"AI Overview, Video, People Also Ask, Related Searches"
50000 a year after taxes,170.0,8.0,0.0,0.0,Informational,90.0,"Video, Related Searches, AI Overview"
calculate take home pay on bonus,170.0,26.0,0.0,0.0,"Informational, Commercial",20.0,"Site Links, Related Searches"
how much bonus will i take home,170.0,28.0,0.0,0.0,Informational,20.0,"Related Searches, Site Links, People Also Ask"
ir35 tax calculator,170.0,22.0,1.05,0.35,Informational,90.0,"Video, Related Searches"
take home pay meaning,170.0,17.0,0.0,0.0,Informational,70.0,"FAQ, Related Searches, Knowledge Panel, Video"
take home pay 50000,170.0,14.0,0.61,0.01,Informational,90.0,"AI Overview, Video, Related Searches, Short Videos"
25000 a year is how much a month after taxes,170.0,11.0,0.0,0.01,Informational,90.0,"AI Overview, Video, People Also Ask, Related Searches"
contractor wage calculator uk,140.0,12.0,1.14,0.11,Informational,90.0,"People Also Ask, Related Searches, Video"
ir 35 calculator,140.0,18.0,1.0,0.28,Commercial,90.0,"Video, Related Searches"
ir35 take home pay calculator,140.0,11.0,1.22,0.31,Informational,20.0,"Site Links, Video, Related Searches"
contractor wage calculator,140.0,18.0,1.52,0.17,Informational,90.0,"Video, Related Searches"
60000 after tax per month,140.0,12.0,0.0,0.0,Informational,90.0,"AI Overview, Video, Related Searches"
25200 after tax,140.0,14.0,0.0,0.01,Informational,90.0,"AI Overview, Video, People Also Ask, Related Searches"
contractors calculator,140.0,16.0,1.11,0.1,Informational,75.0,"Video, Related Searches"
directors tax calculator,140.0,20.0,1.65,0.04,Commercial,90.0,"Video, FAQ, Related Searches"
incorporation tax calculator,140.0,11.0,3.06,0.19,Informational,90.0,"FAQ, Related Searches, Video"
take home pay 75k,140.0,0.0,0.0,0.33,,0.0,
take home pay def,140.0,13.0,0.0,0.0,Informational,90.0,"AI Overview, Video, People Also Ask, Related Searches"
take home pay definition,140.0,17.0,0.0,0.0,Informational,90.0,"Video, People Also Ask, Related Searches, AI Overview"
contract rate calculator,140.0,9.0,0.94,0.11,Informational,90.0,"Video, Related Searches"
inside ir35 umbrella calculator,140.0,8.0,1.06,0.4,Commercial,90.0,"Video, Related Searches"
contractor umbrella calculator,140.0,15.0,1.11,0.57,Informational,90.0,Related Searches
how much tax and ni will i pay on 30000,140.0,22.0,0.0,0.05,Informational,90.0,"People Also Ask, Related Searches, AI Overview, Video"
director tax calculator,140.0,21.0,1.57,0.04,Commercial,90.0,"Video, People Also Ask, Related Searches"
directors salary calculator,140.0,18.0,0.0,0.03,Commercial,90.0,"Video, People Also Ask, Related Searches"
what is take home pay on 40000,140.0,14.0,0.0,0.01,Informational,90.0,"AI Overview, Video, People Also Ask, Related Searches"
50k a year after tax uk,140.0,9.0,0.0,0.0,Informational,90.0,"Video, People Also Ask, Related Searches, AI Overview"
35k after tax and student loan,140.0,9.0,0.0,0.0,Informational,90.0,"Video, People Also Ask, Related Searches, Discussions And Forums, AI Overview"
50k salary take home,140.0,14.0,0.0,0.0,Informational,90.0,"Video, Related Searches, Short Videos, AI Overview"
take home pay on 50k,140.0,13.0,0.0,0.0,Informational,90.0,"Video, Related Searches, AI Overview"
take home pay from 80000,140.0,5.0,0.37,0.01,Informational,90.0,"Video, Related Searches, AI Overview"
pension salary sacrifice calculator uk,140.0,20.0,1.07,0.08,Informational,90.0,"Related Searches, AI Overview"
40000 after tax monthly,140.0,15.0,0.0,0.0,Informational,20.0,"Video, People Also Ask, Related Searches, AI Overview, Site Links"
60000 salary after taxes,140.0,14.0,0.0,0.01,Informational,20.0,"AI Overview, Site Links, Video, Related Searches"
tax calculator limited company,140.0,16.0,1.68,0.26,Commercial,90.0,"Video, FAQ, Related Searches"
2 jobs tax code,140.0,14.0,0.0,0.0,"Informational, Commercial",20.0,"Site Links, Video, Jobs Search, People Also Ask, Related Searches, Discussions And Forums, AI Overview"
umbrella company pay calculator,140.0,7.0,1.28,0.53,Commercial,90.0,Related Searches
30000 after tax and ni,140.0,12.0,0.0,0.0,Informational,90.0,"People Also Ask, Related Searches, AI Overview, Video"
1 million after tax uk,140.0,26.0,0.0,0.01,Informational,90.0,"Related Searches, AI Overview, Video, People Also Ask"
salary sacrifice calculator take home pay,140.0,27.0,0.0,0.05,Informational,90.0,Related Searches
34k a year after tax,140.0,12.0,0.0,0.0,Informational,90.0,"Related Searches, AI Overview, Video, People Also Ask"
26000 after tax per month,140.0,22.0,0.0,0.0,Informational,80.0,"Video, Featured Snippet, People Also Ask, Related Searches"
what is 40 000 after tax,140.0,13.0,0.0,0.01,Informational,90.0,"Video, Related Searches, AI Overview"
40000 take home pay uk,140.0,15.0,0.0,0.0,Informational,20.0,"Related Searches, AI Overview, Site Links, People Also Ask"
salary calculator for contractors uk,140.0,6.0,1.14,0.11,Informational,90.0,"Video, Related Searches"
ltd vs sole trader calculator,140.0,6.0,1.56,0.29,Commercial,90.0,"Video, Related Searches"
net worth uk calculator,140.0,28.0,1.1,0.06,Informational,90.0,"AI Overview, Video, Related Searches"
salary calculator for contractors in uk,140.0,15.0,1.14,0.11,"Informational, Navigational",20.0,"Site Links, Video, Related Searches, AI Overview"
ltd tax calculator,140.0,24.0,2.48,0.25,Informational,90.0,"FAQ, Related Searches, Video"
tax calculator with dividends,140.0,5.0,0.0,0.04,Informational,90.0,"Video, Related Searches"
umbrella take home calculator,140.0,5.0,1.12,0.52,Commercial,20.0,"Site Links, Related Searches"
umbrella tax calculator,140.0,13.0,1.17,0.5,Commercial,90.0,Related Searches
london weighting calculator,140.0,20.0,0.0,0.0,Informational,90.0,"Related Searches, AI Overview, Video, People Also Ask"
how much tax would i pay on a second job,140.0,14.0,0.0,0.02,"Informational, Commercial",20.0,"People Also Ask, Related Searches, Discussions And Forums, AI Overview, Site Links, Video"
45000 salary after taxes,140.0,14.0,0.0,0.0,Informational,90.0,"AI Overview, Video, People Also Ask, Related Searches"
take home pay 40000 salary uk,140.0,14.0,0.0,0.01,Informational,90.0,"Video, People Also Ask, Related Searches, AI Overview"
tax for working two jobs,140.0,14.0,0.43,0.02,"Informational, Commercial",20.0,"Video, People Also Ask, Related Searches, Discussions And Forums, AI Overview, Site Links"
tax on working two jobs,140.0,14.0,0.43,0.02,"Informational, Commercial",20.0,"Site Links, Video, People Also Ask, Related Searches, AI Overview"
46k take home pay,110.0,14.0,0.0,0.0,Informational,90.0,"Video, Related Searches, AI Overview"
teaching part time salary,110.0,9.0,0.0,0.01,Informational,20.0,"Site Links, Video, FAQ, Related Searches, AI Overview"
uk contractor calculator,110.0,28.0,0.83,0.2,Informational,20.0,"Related Searches, Site Links"
pro rate calculator,110.0,14.0,0.0,0.01,Informational,90.0,"Video, People Also Ask, Related Searches"
revenue calc,110.0,0.0,2.47,0.09,Informational,0.0,"Video, Related Searches"
contract day rate calculator,110.0,13.0,0.99,0.09,Informational,90.0,Related Searches
contractor take,110.0,0.0,0.0,0.0,,0.0,
contractor take home calculator,110.0,16.0,1.59,0.26,Informational,90.0,"Video, Related Searches"
contractor take home pay calculator inside ir35,110.0,9.0,0.82,0.21,Informational,20.0,"Site Links, Video, Related Searches"
dividend and tax calculator,110.0,5.0,1.51,0.01,"Informational, Commercial",20.0,"Site Links, Video, Related Searches"
inside ir35 calculator take home,110.0,27.0,1.04,0.29,Informational,20.0,"Site Links, Video, Related Searches"
80k a year after taxes,110.0,9.0,0.0,0.0,Informational,90.0,"Video, Related Searches, AI Overview"
what is 45 000 after taxes,110.0,12.0,0.0,0.01,Informational,90.0,"Video, Related Searches, AI Overview"
40000 salary after tax uk,110.0,12.0,0.0,0.01,Informational,90.0,"AI Overview, Video, Related Searches"
take home on 60k,110.0,9.0,0.0,0.0,Informational,90.0,"Video, Related Searches, AI Overview"
45000 a year after tax,110.0,12.0,0.0,0.0,Informational,90.0,"People Also Ask, Related Searches, AI Overview, Video"
45k salary after tax uk,110.0,14.0,0.0,0.0,Informational,90.0,"Video, Related Searches, AI Overview"
take home pay for 80k,110.0,5.0,0.0,0.0,Informational,90.0,"Related Searches, AI Overview, Video"
take home pay on 30000 uk,110.0,17.0,0.0,0.01,Informational,90.0,"Video, Related Searches, AI Overview"
take home pay on 40k uk,110.0,17.0,0.0,0.01,Informational,90.0,"Video, People Also Ask, Related Searches, AI Overview"
take home pay 60000 salary uk,110.0,8.0,0.0,0.0,Informational,20.0,"Site Links, Video, Related Searches, AI Overview"
24000 salary after tax,110.0,11.0,0.0,0.0,Informational,90.0,"Video, People Also Ask, Related Searches, AI Overview"
50000 take home,110.0,9.0,0.0,0.01,Informational,90.0,"Video, Related Searches, AI Overview"
what is take home pay on 30000,110.0,9.0,0.36,0.02,Informational,90.0,"Related Searches, AI Overview"
how much tax would i pay on 25000,110.0,27.0,0.57,0.06,Informational,90.0,"Video, Related Searches, AI Overview"
take home pay 50k uk,110.0,13.0,0.0,0.01,Informational,90.0,"Video, Related Searches, AI Overview"
20k take home pay,110.0,9.0,0.0,0.0,Informational,90.0,"Video, People Also Ask, Related Searches, AI Overview"
25 000 after tax uk,110.0,9.0,0.64,0.01,Informational,90.0,"AI Overview, People Also Ask, Related Searches"
30 000 salary after tax uk,110.0,15.0,0.0,0.0,Informational,90.0,"Video, Related Searches, AI Overview"
45k after tax and student loan,110.0,9.0,0.0,0.0,Informational,90.0,"Related Searches, AI Overview"
uk minimum wage 2012,110.0,14.0,0.0,0.0,Informational,90.0,"Image Pack, People Also Ask, Related Searches, AI Overview"
when will civil service pay rise be paid,110.0,14.0,0.0,0.0,Informational,20.0,"FAQ, Related Searches, AI Overview, Site Links, People Also Ask"
take home pay 80k,110.0,5.0,0.0,0.0,Informational,90.0,"Related Searches, AI Overview"
take home pay on 75k,110.0,12.0,0.0,0.0,Informational,90.0,"Video, People Also Ask, Related Searches, AI Overview"
what is a net payment,110.0,27.0,0.11,0.02,Informational,90.0,"Video, People Also Ask, Related Searches, AI Overview"
what is net payment,110.0,26.0,0.11,0.02,Informational,90.0,"AI Overview, Video, Related Searches, Short Videos"
salary v dividend calculator,110.0,0.0,0.0,0.01,,0.0,
salary versus dividends calculator,110.0,5.0,0.0,0.0,Commercial,20.0,"Related Searches, Site Links, Video"
salary vs dividends,110.0,21.0,32.26,0.03,Informational,90.0,"Video Carousel, Related Searches, Short Videos, AI Overview, Video"
take home contractor pay calculator,110.0,16.0,1.39,0.24,Commercial,90.0,Related Searches
tax calculator for limited company,110.0,12.0,1.68,0.26,Commercial,90.0,"FAQ, Related Searches, Video"
tax calculator ltd company,110.0,22.0,1.68,0.26,Informational,90.0,"Related Searches, Video, People Also Ask"
limited company director salary calculator,110.0,15.0,1.6,0.06,Informational,90.0,"AI Overview, Video, People Also Ask, Related Searches"
limited tax calculator,110.0,12.0,2.48,0.25,Commercial,90.0,"Video, People Also Ask, FAQ, Related Searches"
ltd co calculator,110.0,13.0,2.58,0.2,Informational,90.0,"Video, Adwords Bottom, FAQ, Related Searches"
parasol calculator,110.0,5.0,1.57,0.1,Informational,75.0,Related Searches
parasol umbrella calculator,110.0,5.0,1.57,0.1,Informational,90.0,"Video, Related Searches"
paye umbrella calculator,110.0,7.0,1.2,0.43,Commercial,90.0,"Video, People Also Ask, Related Searches"
paystream take home calculator,110.0,15.0,1.6,0.05,"Navigational, Transactional",20.0,"Site Links, Related Searches"
paystream umbrella company,110.0,23.0,2.05,0.53,Navigational,20.0,"Short Videos, Knowledge Panel, Site Links, Video, Image, Related Searches"
41k take home pay,110.0,13.0,0.0,0.0,Informational,90.0,"Video, Related Searches, AI Overview"
take home pay on 41000,110.0,0.0,0.0,0.33,,0.0,
hours overtime calculator,110.0,12.0,0.0,0.03,Informational,90.0,"Video, Related Searches"
44k take home pay,110.0,14.0,0.0,0.0,Informational,90.0,"AI Overview, Video, People Also Ask, Related Searches"
40000 take home,110.0,13.0,0.0,0.0,Informational,90.0,"Related Searches, AI Overview, Video"
28000 after tax scotland,110.0,14.0,0.81,0.03,Informational,80.0,"Related Searches, Video, Featured Snippet, People Also Ask"
back pay calculator nhs,110.0,14.0,0.0,0.0,Informational,20.0,"Related Searches, Site Links, People Also Ask"
90 000 after tax uk,110.0,14.0,0.58,0.01,Informational,90.0,"Video, People Also Ask, Related Searches, AI Overview"
10000 after tax uk,110.0,14.0,0.0,0.03,Informational,90.0,"People Also Ask, Related Searches, AI Overview, Video"
12.20 an hour is how much a year,110.0,14.0,0.0,0.0,Informational,90.0,"People Also Ask, Related Searches, AI Overview, Video"
70000 gbp after tax,110.0,14.0,0.0,0.01,Informational,80.0,"Video, Featured Snippet, People Also Ask, Related Searches"
tax rate on 2nd job,110.0,13.0,0.0,0.0,"Informational, Commercial",20.0,"Featured Snippet, People Also Ask, Related Searches, Discussions And Forums, Site Links, Video"
15 an hour annual salary,110.0,14.0,0.0,0.0,Informational,90.0,"Video, People Also Ask, Related Searches, AI Overview"
vat calculator for ireland,90.0,13.0,1.24,0.04,Informational,90.0,"People Also Ask, Related Searches"
45k after tax per month,90.0,9.0,0.0,0.0,Informational,90.0,"Video, Related Searches, AI Overview"
50k a month after tax,90.0,14.0,0.0,0.01,Informational,90.0,"People Also Ask, Related Searches, Discussions And Forums, AI Overview, Video"
40 k after tax,90.0,14.0,0.69,0.0,Informational,90.0,"Video, People Also Ask, Related Searches, Discussions And Forums, AI Overview"
take home pay pension calculator,90.0,0.0,1.08,0.04,,0.0,
take home pay singapore calculator,90.0,0.0,0.0,0.33,,0.0,
what does take home pay mean,90.0,0.0,0.0,0.33,,0.0,
salary sacrafice calculator,90.0,24.0,0.93,0.09,Commercial,90.0,"Video, Related Searches"
81000 after tax,90.0,8.0,0.0,0.01,Informational,90.0,"AI Overview, Video, People Also Ask, Related Searches"
30000 per year after tax,90.0,12.0,0.0,0.01,Informational,90.0,"AI Overview, Video, People Also Ask, Related Searches"
how much tax if i earn 50000,90.0,19.0,0.76,0.07,Informational,20.0,"Site Links, Video, FAQ, Related Searches, Discussions And Forums, AI Overview"
30000 take home pay uk,90.0,11.0,0.0,0.0,Informational,90.0,"Video, People Also Ask, Related Searches, AI Overview"
90000 take home pay uk,90.0,14.0,0.0,0.01,Informational,90.0,"People Also Ask, Related Searches, AI Overview, Video"
glasgow minimum wage,90.0,14.0,1.19,0.03,Informational,90.0,"People Also Ask, Related Searches, AI Overview, Video"
44000 take home pay,90.0,15.0,0.0,0.0,Informational,90.0,"Related Searches, AI Overview"
how much tax should be paid on 30000,90.0,14.0,0.61,0.08,Informational,90.0,"AI Overview, Video, People Also Ask, Related Searches"
london take home pay,90.0,0.0,0.0,0.33,,0.0,
90 000 take home pay,90.0,0.0,0.0,0.33,,0.0,
nhs banding take home pay,90.0,0.0,0.0,0.33,,0.0,
take home pay 34000,90.0,0.0,0.0,0.33,,0.0,
take home pay comparison,90.0,0.0,0.0,0.02,,0.0,
take home pay 52000,90.0,0.0,0.0,0.33,,0.0,
take home pay 90k,90.0,0.0,0.0,0.33,,0.0,
take home pay caculator,90.0,0.0,0.97,0.33,,0.0,
take home pay on 39000,90.0,0.0,0.0,0.33,,0.0,
take home pay contractor,90.0,0.0,1.67,0.22,,0.0,
take home pay on 48000,90.0,0.0,0.0,0.33,,0.0,
26500 take home pay,70.0,0.0,0.0,0.33,,0.0,
take home pay 120000,70.0,0.0,0.0,0.33,,0.0,
pets at home pay,70.0,0.0,0.0,0.01,,0.0,
nyc take home pay,70.0,0.0,0.0,0.06,,0.0,
nurses take home pay,70.0,0.0,0.0,0.33,,0.0,
gov.uk take home pay,70.0,0.0,0.0,0.33,,0.0,
disposable income calculator uk,70.0,0.0,0.0,0.01,,0.0,
50 000 take home pay,70.0,0.0,0.0,0.33,,0.0,
45k after tax scotland,70.0,0.0,0.0,0.33,,0.0,
22k take home pay,70.0,0.0,0.0,0.33,,0.0,
19000 take home pay,70.0,0.0,0.0,0.33,,0.0,
120 000 take home pay,70.0,0.0,0.0,0.33,,0.0,
take home pay reed,70.0,0.0,0.0,0.33,,0.0,
take home pay 49000,70.0,0.0,0.0,0.33,,0.0,
take home pay 27500,70.0,0.0,0.0,0.33,,0.0,
take home pay 21000,70.0,0.0,0.0,0.33,,0.0,
take home pay 20k,70.0,0.0,0.0,0.33,,0.0,
what is my.take home pay,70.0,0.0,0.73,0.01,,0.0,
take home pay usa,70.0,0.0,1.22,0.06,,0.0,
take home pay us,70.0,0.0,1.22,0.06,,0.0,
take home pay 120k,50.0,0.0,0.0,0.33,,0.0,
nets payment,50.0,0.0,13.21,0.35,,0.0,
net payment calculator,50.0,0.0,1.0,0.01,,0.0,
estimating take home pay,50.0,0.0,0.97,0.33,,0.0,
calcuate take home pay,50.0,0.0,0.97,0.33,,0.0,
take home pay hmrc,50.0,0.0,0.0,0.01,,0.0,
take home pay for 120k,50.0,0.0,0.0,0.33,,0.0,
take home pay 23k,50.0,0.0,0.0,0.33,,0.0,
us take home pay,50.0,0.0,1.22,0.06,,0.0,
uc take home pay,50.0,0.0,0.0,0.33,,0.0,
tke home pay,50.0,0.0,1.38,0.33,,0.0,
take home pay umbrella,50.0,0.0,1.33,0.46,,0.0,
take home pay on 19000,50.0,0.0,0.0,0.33,,0.0,
yearly annual income calculator,50.0,0.0,0.0,0.01,,0.0,
what percentage of take home pay for mortgage,50.0,0.0,0.0,0.02,,0.0,
what percent of take home pay should go to mortgage,50.0,0.0,0.0,0.33,,0.0,
salary calculations,50.0,0.0,1.22,0.33,,0.0,
take home pay calculator.,50.0,0.0,0.97,0.33,,0.0,
50k a year take home pay,40.0,0.0,0.0,0.01,,0.0,
37500 take home pay,40.0,0.0,0.0,0.33,,0.0,
120k take home pay,40.0,0.0,0.0,0.33,,0.0,
rake home pay,40.0,0.0,1.38,0.33,,0.0,
how to calculate net payment,40.0,0.0,0.53,0.02,,0.0,
home pay,40.0,0.0,0.0,0.04,,0.0,
80 000 take home pay,40.0,0.0,0.0,0.33,,0.0,
56000 take home pay,40.0,0.0,0.0,0.33,,0.0,
take home pay 25 26,40.0,0.0,0.0,0.33,,0.0,
tkae home pay,40.0,0.0,1.38,0.33,,0.0,
what net pay meaning,40.0,0.0,0.0,0.33,,0.0,
whats take home pay,40.0,0.0,0.0,0.33,,0.0,
take home pay caluclator,40.0,0.0,0.0,0.0,,0.0,
take home pay clac,40.0,0.0,0.97,0.33,,0.0,
take home pay estimate,40.0,0.0,0.97,0.33,,0.0,
take home pay on 34000,40.0,0.0,0.0,0.01,,0.0,
take home pay teacher,40.0,0.0,0.0,0.33,,0.0,
45k tax,30.0,0.0,0.0,0.01,,0.0,
47810 take home pay,30.0,0.0,0.0,0.33,,0.0,
49k take home pay,30.0,0.0,0.0,0.33,,0.0,
150k take home pay,30.0,0.0,0.0,0.33,,0.0,
26.5 k take home pay,30.0,0.0,0.0,0.33,,0.0,
27k take home pay monthly,30.0,0.0,0.0,0.33,,0.0,
31500 take home pay,30.0,0.0,0.0,0.33,,0.0,
32500 take home pay,30.0,0.0,0.0,0.33,,0.0,
56k take home pay,30.0,0.0,0.0,0.33,,0.0,
77000 take home pay,30.0,0.0,0.0,0.33,,0.0,
